Symbol,Name,LastSale,MarketCap,ADR TSO,IPOyear,Sector,Industry
ACMR,"ACM Research, Inc.",5.9,89162475.6,n/a,2017,Technology,Industrial Machinery/Components
ALTR,Altair Engineering Inc.,22.2,1396439318,n/a,2017,Technology,Computer Software: Prepackaged Software
DDD,3D Systems Corporation,9.66,1099909393,n/a,n/a,Technology,Computer Software: Prepackaged Software
AYX,"Alteryx, Inc.",26.83,1587430005,n/a,2017,Technology,Computer Software: Prepackaged Software
APPN,Appian Corporation,20.76,1251896010,n/a,2017,Technology,Computer Software: Prepackaged Software
AQ,Aquantia Corp.,11.22,362642517.6,n/a,2017,Technology,Semiconductors
AAN,"Aaron&#39;s,  Inc.",38.43,2789184107,n/a,n/a,Technology,Diversified Commercial Services
BAND,Bandwidth Inc.,21.53,379387019.6,n/a,2017,Technology,Computer Software: Prepackaged Software
ACIW,"ACI Worldwide, Inc.",22.48,2665660956,n/a,n/a,Technology,Computer Software: Prepackaged Software
BKI,"Black Knight, Inc.",45.05,6913822509,n/a,2017,Technology,Computer Software: Prepackaged Software
ATVI,"Activision Blizzard, Inc",61.57,46553043444,n/a,n/a,Technology,Computer Software: Prepackaged Software
ACTA,Actua Corporation,15.55,508832542.5,n/a,n/a,Technology,EDP Services
ATU,Actuant Corporation,25.7,1537381916,n/a,n/a,Technology,Industrial Machinery/Components
ACXM,Acxiom Corporation,27.33,2164961665,n/a,n/a,Technology,EDP Services
CARG,"CarGurus, Inc.",30.86,3273961162,n/a,2017,Technology,EDP Services
CARS,Cars.com Inc.,26.76,1916701324,n/a,2017,Technology,EDP Services
AMD,"Advanced Micro Devices, Inc.",10.04,9686577974,n/a,n/a,Technology,Semiconductors
ASX,"Advanced Semiconductor Engineering, Inc.",6.37,10776430123,n/a,n/a,Technology,Semiconductors
CISN,Cision Ltd.,11.7,1434828587,n/a,2017,Technology,Computer Software: Prepackaged Software
ACY,AeroCentury Corp.,14.5,20542135.5,n/a,n/a,Technology,Diversified Commercial Services
CLDR,"Cloudera, Inc.",16,2103698288,n/a,2017,Technology,Computer Software: Prepackaged Software
AGYS,"Agilysys, Inc.",12.48,289566900.5,n/a,n/a,Technology,EDP Services
AQUA,Evoqua Water Technologies Corp.,22.75,2577171347,n/a,2017,Technology,Industrial Machinery/Components
FSCT,"ForeScout Technologies, Inc.",22.97,850207123.8,n/a,2017,Technology,Computer peripheral equipment
GDI,"Gardner Denver Holdings, Inc.",32.18,6307629507,n/a,2017,Technology,Industrial Machinery/Components
JT,Jianpu Technology Inc.,5.61,929669789.4,n/a,2017,Technology,"Computer Software: Programming, Data Processing"
MFGP,Micro Focus Intl PLC,32.57,14177790472,n/a,2017,Technology,Computer Software: Prepackaged Software
MDB,"MongoDB, Inc.",26.62,1303536279,n/a,2017,Technology,Computer Software: Prepackaged Software
MDRX,"Allscripts Healthcare Solutions, Inc.",14.14,2554828082,n/a,n/a,Technology,EDP Services
MULE,"MuleSoft, Inc.",21.4,2781185002,n/a,2017,Technology,Computer Software: Prepackaged Software
OKTA,"Okta, Inc.",29.17,2788147709,n/a,2017,Technology,Computer Software: Prepackaged Software
GOOGL,Alphabet Inc.,1044.57,7.25769E+11,n/a,n/a,Technology,"Computer Software: Programming, Data Processing"
AABA,Altaba Inc.,70.22,61328607935,n/a,n/a,Technology,EDP Services
PSDO,"Presidio, Inc.",15.72,1441443451,n/a,2017,Technology,Retail: Computer Software & Peripheral Equipment
SAIL,"SailPoint Technologies Holdings, Inc.",15.83,1354324648,n/a,2017,Technology,Computer Software: Prepackaged Software
SEND,"SendGrid, Inc.",19.41,791766140,n/a,2017,Technology,Computer Software: Prepackaged Software
PIXY,"ShiftPixy, Inc.",2.12,60508881,n/a,2017,Technology,Diversified Commercial Services
DOX,Amdocs Limited,64.4,9360862000,n/a,n/a,Technology,EDP Services
AMRH,"Ameri Holdings, Inc.",2.5,39640622.5,n/a,n/a,Technology,Semiconductors
AMRHW,"Ameri Holdings, Inc.",0.6114,0,n/a,n/a,Technology,Semiconductors
AMSWA,"American Software, Inc.",11.91,354057192.8,n/a,n/a,Technology,Computer Software: Prepackaged Software
SSTI,"ShotSpotter, Inc.",14.94,144117455,n/a,2017,Technology,Computer Software: Prepackaged Software
AMN,AMN Healthcare Services Inc,49,2340844317,n/a,n/a,Technology,Professional Services
ASYS,"Amtech Systems, Inc.",10,147306990,n/a,n/a,Technology,Industrial Machinery/Components
ADI,"Analog Devices, Inc.",86.11,31743227705,n/a,n/a,Technology,Semiconductors
SGH,"SMART Global Holdings, Inc.",29.28,637608190.1,n/a,2017,Technology,Semiconductors
SNAP,Snap Inc.,14.7,17702636641,n/a,2017,Technology,"Computer Software: Programming, Data Processing"
SOGO,Sogou Inc.,11.63,4553406163,n/a,2017,Technology,EDP Services
SWCH,"Switch, Inc.",17,4292609871,n/a,2017,Technology,"Computer Software: Programming, Data Processing"
TNTR,"Tintri, Inc.",5.54,173535497.4,n/a,2017,Technology,EDP Services
VERI,"Veritone, Inc.",21.6,347275555.2,n/a,2017,Technology,EDP Services
YEXT,"Yext, Inc.",12.73,1161368160,n/a,2017,Technology,EDP Services
ACIA,"Acacia Communications, Inc.",40.26,1585331306,n/a,2016,Technology,Semiconductors
AIRG,"Airgain, Inc.",9.39,89944349.82,n/a,2016,Technology,Radio And Television Broadcasting And Communications Equipment
ARRS,ARRIS International plc,29.14,5449798671,n/a,n/a,Technology,Radio And Television Broadcasting And Communications Equipment
APTI,"Apptio, Inc.",22.97,927723730.2,n/a,2016,Technology,Computer Software: Prepackaged Software
ATOM,Atomera Incorporated,4.34,52777164.58,n/a,2016,Technology,Semiconductors
BL,"BlackLine, Inc.",34.35,1815768205,n/a,2016,Technology,Computer Software: Prepackaged Software
ASUR,Asure Software Inc,14.97,186628295.4,n/a,n/a,Technology,EDP Services
COUP,Coupa Software Incorporated,32.85,1760897017,n/a,2016,Technology,Computer Software: Prepackaged Software
EVBG,"Everbridge, Inc.",26.7,754400249.7,n/a,2016,Technology,Computer Software: Prepackaged Software
ATTU,Attunity Ltd.,6.62,113513212.8,n/a,n/a,Technology,Computer Software: Prepackaged Software
MRAM,"Everspin Technologies, Inc.",7.43,94855436.78,n/a,2016,Technology,Semiconductors
ADSK,"Autodesk, Inc.",109.61,24025662303,n/a,n/a,Technology,Computer Software: Prepackaged Software
GDS,GDS Holdings Limited,18.21,541949631,29761100,2016,Technology,"Computer Software: Programming, Data Processing"
ADP,"Automatic Data Processing, Inc.",115.88,51391589912,n/a,n/a,Technology,EDP Services
AUTO,"AutoWeb, Inc.",9.59,125468971.7,n/a,n/a,Technology,"Computer Software: Programming, Data Processing"
AVNW,"Aviat Networks, Inc.",15.76,83815115.68,n/a,n/a,Technology,Radio And Television Broadcasting And Communications Equipment
GSUM,Gridsum Holding Inc.,8.74,138713597.5,15871121,2016,Technology,Computer Software: Prepackaged Software
ICHR,Ichor Holdings,25.22,645351351.8,n/a,2016,Technology,Semiconductors
LN,LINE Corporation,43.52,9649776640,n/a,2016,Technology,"Computer Software: Programming, Data Processing"
MSDI,"Monster Digital, Inc.",0.6168,5810676.041,n/a,2016,Technology,Electronic Components
BOSC,B.O.S. Better Online Solutions,2.2,7119901.8,n/a,n/a,Technology,Computer Communications Equipment
MSDIW,"Monster Digital, Inc.",0.0114,0,n/a,2016,Technology,Electronic Components
NH,"NantHealth, Inc.",3.02,327155597.4,n/a,2016,Technology,EDP Services
NTNX,"Nutanix, Inc.",34.78,5555924248,n/a,2016,Technology,Computer Software: Prepackaged Software
QTNA,"Quantenna Communications, Inc.",11.76,414198560.2,n/a,2016,Technology,Semiconductors
SCWX,SecureWorks Corp.,8.27,670488199,n/a,2016,Technology,Computer Software: Prepackaged Software
BHE,"Benchmark Electronics, Inc.",29.45,1464343911,n/a,n/a,Technology,Electrical Products
TLND,Talend S.A.,40.37,759011549.1,18801376,2016,Technology,Computer Software: Prepackaged Software
BGSF,BG Staffing Inc,16.09,140938359.8,n/a,n/a,Technology,Professional Services
BKYI,"BIO-key International, Inc.",1.41,10844766.84,n/a,n/a,Technology,Computer Communications Equipment
TTD,"The Trade Desk, Inc.",45.34,1862320641,n/a,2016,Technology,"Computer Software: Programming, Data Processing"
BBOX,Black Box Corporation,3,45413124,n/a,n/a,Technology,Computer Communications Equipment
TRTN,Triton International Limited,37.73,3044349072,n/a,2016,Technology,Diversified Commercial Services
TRVG,trivago N.V.,6.65,205532301.5,30907113,2016,Technology,EDP Services
BB,BlackBerry Limited,10.29,5518602734,n/a,n/a,Technology,Computer Software: Prepackaged Software
TWLO,Twilio Inc.,24.8,2307136932,n/a,2016,Technology,Computer Software: Prepackaged Software
BDR,"Blonder Tongue Laboratories, Inc.",0.5629,4571780.922,n/a,n/a,Technology,Radio And Television Broadcasting And Communications Equipment
WBT,"Welbilt, Inc.",22.25,3102662353,n/a,2016,Technology,Industrial Machinery/Components
ZDGE,"Zedge, Inc.",2.8,27906236.4,n/a,2016,Technology,Computer Software: Prepackaged Software
BLIN          ,"Bridgeline Digital, Inc.",2.22,9325882.56,n/a,n/a,Technology,Computer Software: Prepackaged Software
IOTS,Adesto Technologies Corporation,7.45,157485401,n/a,2015,Technology,Semiconductors
ALRM,"Alarm.com Holdings, Inc.",37.75,1779550591,n/a,2015,Technology,Computer Software: Prepackaged Software
APPF,"AppFolio, Inc.",41.35,1403711923,n/a,2015,Technology,Computer Software: Prepackaged Software
TEAM,Atlassian Corporation Plc,45.52,10474340589,n/a,2015,Technology,Computer Software: Prepackaged Software
BOX,"Box, Inc.",21.53,2879962861,n/a,2015,Technology,Computer Software: Prepackaged Software
CA,CA Inc.,33.17,13883084379,n/a,n/a,Technology,Computer Software: Prepackaged Software
CSRA,CSRA Inc.,29.34,4805303586,n/a,2015,Technology,EDP Services
CACI,"CACI International, Inc.",131.7,3242599133,n/a,n/a,Technology,EDP Services
CDNS,"Cadence Design Systems, Inc.",43.55,12296778000,n/a,n/a,Technology,Computer Software: Prepackaged Software
CAI,"CAI International, Inc.",32.77,631415079.9,n/a,n/a,Technology,Diversified Commercial Services
EXTN,Exterran Corporation,30.06,1075792991,n/a,2015,Technology,Diversified Commercial Services
FIT,"Fitbit, Inc.",6.78,1605367119,n/a,2015,Technology,Computer Manufacturing
GDDY,GoDaddy Inc.,48.15,8028106028,n/a,2015,Technology,EDP Services
HPE,Hewlett Packard Enterprise Company,14.22,22680900000,n/a,2015,Technology,Computer Manufacturing
INOV,"Inovalon Holdings, Inc.",15.35,2239152254,n/a,2015,Technology,EDP Services
INST,"Instructure, Inc.",33.85,1024954170,n/a,2015,Technology,Computer Software: Prepackaged Software
JMU,JMU Limited,0.9799,17060569.53,17410521,2015,Technology,EDP Services
MJCO,Majesco,5.57,203509552.7,n/a,2015,Technology,Computer Software: Prepackaged Software
MTCH,"Match Group, Inc.",29.85,8153465293,n/a,2015,Technology,"Computer Software: Programming, Data Processing"
CRNT,Ceragon Networks Ltd.,2.16,168358104.7,n/a,n/a,Technology,Radio And Television Broadcasting And Communications Equipment
MCRN,Milacron Holdings Corp.,17.9,1242552092,n/a,2015,Technology,Industrial Machinery/Components
CEVA,"CEVA, Inc.",45.55,1000960111,n/a,n/a,Technology,Semiconductors
MIME,Mimecast Limited,28.51,1634173785,n/a,2015,Technology,Computer Software: Prepackaged Software
MB,"MINDBODY, Inc.",30.15,1408046306,n/a,2015,Technology,EDP Services
OOMA,"Ooma, Inc.",11.2,206893075.2,n/a,2015,Technology,EDP Services
PSTG,"Pure Storage, Inc. ",17.23,3643853882,n/a,2015,Technology,Electronic Components
CVR,Chicago Rivet & Machine Co.,30.3434,29315729.73,n/a,n/a,Technology,Industrial Machinery/Components
CNIT,"China Information Technology, Inc.",1.43,57530557.37,n/a,n/a,Technology,Computer Software: Prepackaged Software
RPD,"Rapid7, Inc.",18.9,829353546,n/a,2015,Technology,Computer Software: Prepackaged Software
CNET,"ChinaNet Online Holdings, Inc.",1.04,12834163.68,n/a,n/a,Technology,"Computer Software: Programming, Data Processing"
IMOS,ChipMOS TECHNOLOGIES INC.,17.71,188891459.7,10665808,n/a,Technology,Semiconductors
SHOP,Shopify Inc.,99.79,8603680948,n/a,2015,Technology,Computer Software: Prepackaged Software
SEDG,"SolarEdge Technologies, Inc.",36.15,1554914419,n/a,2015,Technology,Semiconductors
FLOW,"SPX FLOW, Inc.",45.41,1925163852,n/a,2015,Technology,Industrial Machinery/Components
SQ,"Square, Inc.",38.73,15049224775,n/a,2015,Technology,Computer Software: Prepackaged Software
CLNT,"Cleantech Solutions International, Inc.",5.94,15216515.82,n/a,n/a,Technology,Industrial Machinery/Components
TWOU,"2U, Inc.",61.45,3209062977,n/a,2014,Technology,Computer Software: Prepackaged Software
ATEN,"A10 Networks, Inc.",7.78,550446281,n/a,2014,Technology,Computer Communications Equipment
CHUBA,"CommerceHub, Inc.",22.38,969430565.9,n/a,n/a,Technology,Computer Software: Prepackaged Software
CHUBK,"CommerceHub, Inc.",21.01,910086514.3,n/a,n/a,Technology,Computer Software: Prepackaged Software
HIVE,"Aerohive Networks, Inc.",5.45,292112201.1,n/a,2014,Technology,EDP Services
AMBR,"Amber Road, Inc.",7.3,198651775.6,n/a,2014,Technology,Computer Software: Prepackaged Software
ANET,"Arista Networks, Inc.",219.86,16071907590,n/a,2014,Technology,Computer Communications Equipment
CTG,"Computer Task Group, Incorporated",5.14,79627934.24,n/a,n/a,Technology,EDP Services
CMTL,Comtech Telecommunications Corp.,22.07,521237077.4,n/a,n/a,Technology,Radio And Television Broadcasting And Communications Equipment
CCUR,Concurrent Computer Corporation,6,59359368,n/a,n/a,Technology,Computer Manufacturing
CSLT,"Castlight Health, inc.",3.85,514889263.4,n/a,2014,Technology,EDP Services
CLGX,"CoreLogic, Inc.",44.98,3705174693,n/a,n/a,Technology,EDP Services
CMCM,Cheetah Mobile Inc.,11.38,1640234621,n/a,2014,Technology,Computer Software: Prepackaged Software
CPAH,CounterPath Corporation,2.285,12562534.7,n/a,n/a,Technology,Computer Software: Prepackaged Software
CYBR,CyberArk Software Ltd.,44.13,1519096743,n/a,2014,Technology,Computer Software: Prepackaged Software
CRAY,Cray Inc,21.95,887614582.9,n/a,n/a,Technology,Computer Manufacturing
WATT,Energous Corporation,8.23,182818660.5,n/a,2014,Technology,Radio And Television Broadcasting And Communications Equipment
FIVN,"Five9, Inc.",23.55,1310580344,n/a,2014,Technology,EDP Services
GLOB,Globant S.A.,39.17,1374867000,n/a,2014,Technology,EDP Services
HDP,"Hortonworks, Inc.",19.19,1353513782,n/a,2014,Technology,Computer Software: Prepackaged Software
HUBS,"HubSpot, Inc.",82.7,3090626854,n/a,2014,Technology,Computer Software: Prepackaged Software
INPX,Inpixon ,0.34,5638435.9,n/a,2014,Technology,EDP Services
CTS,CTS Corporation,26.3,866244415,n/a,n/a,Technology,Electrical Products
CW,Curtiss-Wright Corporation,123.14,5434089760,n/a,n/a,Technology,Industrial Machinery/Components
CVV,CVD Equipment Corporation,11.23,71983075.93,n/a,n/a,Technology,Industrial Machinery/Components
INSE,"Inspired Entertainment, Inc.",8.9,199274978.3,n/a,2014,Technology,Computer Software: Prepackaged Software
MTLS,Materialise NV,14.05,188022298.5,13382370,2014,Technology,Computer Software: Prepackaged Software
CYRN,CYREN Ltd.,2.45,122104124.1,n/a,n/a,Technology,Computer Software: Prepackaged Software
MTBC,"Medical Transcription Billing, Corp.",2.61,30094842.51,n/a,2014,Technology,Computer Software: Prepackaged Software
MOBL,"MobileIron, Inc.",3.85,369817759.9,n/a,2014,Technology,Computer Software: Prepackaged Software
DVMT,Dell Technologies Inc.,75.89,15416337857,n/a,n/a,Technology,Computer Manufacturing
DTRM,"Determine, Inc. ",1.61,23842444.92,n/a,n/a,Technology,Computer Software: Prepackaged Software
MOMO,Momo Inc.,23.8,3301717166,138727612,2014,Technology,Computer Software: Prepackaged Software
DMRC,Digimarc Corporation,36.05,420349777.4,n/a,n/a,Technology,EDP Services
DGLY,"Digital Ally, Inc.",2.6,18147300.6,n/a,n/a,Technology,Radio And Television Broadcasting And Communications Equipment
DIOD,Diodes Incorporated,28.48,1406630902,n/a,n/a,Technology,Semiconductors
DLHC,DLH Holdings Corp.,6.23,72266604.48,n/a,n/a,Technology,Professional Services
DOV,Dover Corporation,96.71,15066556314,n/a,n/a,Technology,Industrial Machinery/Components
NEWR,"New Relic, Inc.",56.82,3128646704,n/a,2014,Technology,Computer Software: Prepackaged Software
PAYC,"Paycom Software, Inc.",78.27,4560332751,n/a,2014,Technology,Computer Software: Prepackaged Software
DXC,DXC Technology Company,94.65,27000686714,n/a,n/a,Technology,EDP Services
ETN,"Eaton Corporation, PLC",77.26,34040756000,n/a,n/a,Technology,Industrial Machinery/Components
EBIX,"Ebix, Inc.",77.75,2445670879,n/a,n/a,Technology,EDP Services
PCTY,Paylocity Holding Corporation,45.02,2364307687,n/a,2014,Technology,Computer Software: Prepackaged Software
SATS,EchoStar Corporation,58.3,5580873373,n/a,n/a,Technology,Radio And Television Broadcasting And Communications Equipment
EDGW,"Edgewater Technology, Inc.",6.21,87035894.82,n/a,n/a,Technology,"Computer Software: Programming, Data Processing"
QTWO,"Q2 Holdings, Inc.",40.5,1687737182,n/a,2014,Technology,Computer Software: Prepackaged Software
EA,Electronic Arts Inc.,104.37,32138179530,n/a,n/a,Technology,Computer Software: Prepackaged Software
RESN,Resonant Inc.,6.91,115965375.1,n/a,2014,Technology,Semiconductors
SABR,Sabre Corporation,19.72,5419485462,n/a,2014,Technology,"Computer Software: Programming, Data Processing"
RUBI,"The Rubicon Project, Inc.",1.74,86637020.34,n/a,2014,Technology,"Computer Software: Programming, Data Processing"
EMAN,eMagin Corporation,1.75,61202030.75,n/a,n/a,Technology,Semiconductors
TRUE,"TrueCar, Inc.",11.79,1178841035,n/a,2014,Technology,"Computer Software: Programming, Data Processing"
UPLD,"Upland Software, Inc.",22.9,475764239.9,n/a,2014,Technology,Computer Software: Prepackaged Software
VRNS,"Varonis Systems, Inc.",48.3,1344611577,n/a,2014,Technology,Computer Software: Prepackaged Software
WB,Weibo Corporation,100.71,6454231882,64087299,2014,Technology,"Computer Software: Programming, Data Processing"
WK,Workiva Inc.,21.4,897274265.6,n/a,2014,Technology,Computer Software: Prepackaged Software
XNET,Xunlei Limited,13.3,413625118.9,31099633,2014,Technology,Computer Software: Prepackaged Software
ZEN,"Zendesk, Inc.",34.05,3456318117,n/a,2014,Technology,EDP Services
ERIC,Ericsson,6.25,1944001856,311040297,n/a,Technology,Radio And Television Broadcasting And Communications Equipment
WUBA,58.com Inc.,70.28,10296732780,n/a,2013,Technology,"Computer Software: Programming, Data Processing"
AAOI,"Applied Optoelectronics, Inc.",38.84,752804104.2,n/a,2013,Technology,Semiconductors
ATHM,Autohome Inc.,59.16,6990481668,n/a,2013,Technology,EDP Services
CUDA,"Barracuda Networks, Inc.",27.54,1476243309,n/a,2013,Technology,Computer peripheral equipment
BNFT,"Benefitfocus, Inc.",26.75,836559009.5,n/a,2013,Technology,Computer Software: Prepackaged Software
ECOM          ,ChannelAdvisor Corporation,9.05,240455377.8,n/a,2013,Technology,Computer Software: Prepackaged Software
COMM,"CommScope Holding Company, Inc.",37.41,7136408665,n/a,2013,Technology,Radio And Television Broadcasting And Communications Equipment
CRTO,Criteo S.A.,30.8,1965984420,63830663,2013,Technology,Advertising
EIGI,"Endurance International Group Holdings, Inc.",8.7,1248374206,n/a,2013,Technology,Computer Software: Prepackaged Software
EVTC,"Evertec, Inc.",13.55,980885895.7,n/a,2013,Technology,EDP Services
FEYE,"FireEye, Inc.",13.81,2549160004,n/a,2013,Technology,Computer peripheral equipment
GIMO,Gigamon Inc.,38.65,1461462324,n/a,2013,Technology,EDP Services
LXFT,"Luxoft Holding, Inc.",52.4,1759195804,n/a,2013,Technology,EDP Services
MRIN,Marin Software Incorporated,10,56532010,n/a,2013,Technology,EDP Services
MIXT,MiX Telematics Limited,11.53,257986390.4,n/a,2013,Technology,Computer Software: Prepackaged Software
MODN,"Model N, Inc.",16.1,472212549.2,n/a,2013,Technology,"Computer Software: Programming, Data Processing"
IPDN,"Professional Diversity Network, Inc.",3.88,15255531.44,n/a,2013,Technology,"Computer Software: Programming, Data Processing"
RNG,"Ringcentral, Inc.",48.2,3728376329,n/a,2013,Technology,EDP Services
FPAY,"FlexShopper, Inc.",3.54,18734674.74,n/a,n/a,Technology,Diversified Commercial Services
SSNI,"Silver Spring Networks, Inc.",16.22,878185154,n/a,2013,Technology,Computer Communications Equipment
FRSX,Foresight Autonomous Holdings Ltd.,4.13,2765766.01,669677,n/a,Technology,Computer Software: Prepackaged Software
DATA,"Tableau Software, Inc.",71.61,5710436260,n/a,2013,Technology,Computer Software: Prepackaged Software
FORTY,Formula Systems (1985) Ltd.,40.81,7205495.22,176562,n/a,Technology,EDP Services
TLRA,"Telaria, Inc.",3.97,203291666.9,n/a,2013,Technology,Advertising
FSNN,"Fusion Telecommunications International, Inc.",3.83,85668026.73,n/a,n/a,Technology,Computer Software: Prepackaged Software
TWTR,"Twitter, Inc.",21.01,15606092969,n/a,2013,Technology,"Computer Software: Programming, Data Processing"
VEEV,Veeva Systems Inc.,55.53,7808438965,n/a,2013,Technology,Computer Software: Prepackaged Software
JOB,GEE Group Inc.,2.87,28352420.04,n/a,n/a,Technology,Diversified Commercial Services
GFN,General Finance Corporation,6.35,169095343.8,n/a,n/a,Technology,Diversified Commercial Services
GFNCP,General Finance Corporation,99.03,0,n/a,n/a,Technology,Diversified Commercial Services
GFNSL,General Finance Corporation,25.1808,0,n/a,n/a,Technology,Diversified Commercial Services
GIGM,GigaMedia Limited,2.89,31940959.15,n/a,n/a,Technology,"Computer Software: Programming, Data Processing"
WIX,Wix.com Ltd.,53.1,2380969060,n/a,2013,Technology,"Computer Software: Programming, Data Processing"
GILT,Gilat Satellite Networks Ltd.,7.43,406590158.8,n/a,n/a,Technology,Radio And Television Broadcasting And Communications Equipment
GSB,"GlobalSCAPE, Inc.",3.61,77874309.91,n/a,n/a,Technology,Computer Software: Prepackaged Software
YUME,"YuMe, Inc.",3.68,128601567,n/a,2013,Technology,Advertising
AMBA,"Ambarella, Inc.",58.14,1931073879,n/a,2012,Technology,Semiconductors
BV,"Bazaarvoice, Inc.",5.45,469061607.5,n/a,2012,Technology,Computer Software: Prepackaged Software
GHM,Graham Corporation,18.67,182381367.6,n/a,n/a,Technology,Industrial Machinery/Components
GEC,"Great Elm Capital Group, Inc. ",4.3,109350591,n/a,n/a,Technology,Computer Software: Prepackaged Software
BCOV,Brightcove Inc.,7.1,245892013.8,n/a,2012,Technology,EDP Services
ENPH,"Enphase Energy, Inc.",2.8,239491053.2,n/a,2012,Technology,Semiconductors
GVP,"GSE Systems, Inc.",3.3,64016884.8,n/a,n/a,Technology,Computer Software: Prepackaged Software
EPAM,"EPAM Systems, Inc.",100.07,5284955481,n/a,2012,Technology,EDP Services
FB,"Facebook, Inc.",180.14,5.23452E+11,n/a,2012,Technology,"Computer Software: Programming, Data Processing"
HQCL,"Hanwha Q CELLS Co., Ltd. ",7.42,40821315.5,5501525,n/a,Technology,Semiconductors
GWRE,"Guidewire Software, Inc.",72.73,5579099899,n/a,2012,Technology,Computer Software: Prepackaged Software
MTSI,"MACOM Technology Solutions Holdings, Inc.",32.79,2107210068,n/a,2012,Technology,Semiconductors
PANW,"Palo Alto Networks, Inc.",142.83,13124499871,n/a,2012,Technology,Computer peripheral equipment
PFPT,"Proofpoint, Inc.",86.3,3869238148,n/a,2012,Technology,EDP Services
QLYS,"Qualys, Inc.",58.4,2214500377,n/a,2012,Technology,Computer Software: Prepackaged Software
RXN,Rexnord Corporation,24.59,2555518750,n/a,2012,Technology,Industrial Machinery/Components
NOW,"ServiceNow, Inc.",121,20896700000,n/a,2012,Technology,Computer Software: Prepackaged Software
HPQ,HP Inc.,20.97,35025234160,n/a,n/a,Technology,Computer Manufacturing
SSTK,"Shutterstock, Inc.",43.16,1496570713,n/a,2012,Technology,EDP Services
HSON,"Hudson Global, Inc.",1.315,41113542.07,n/a,n/a,Technology,Professional Services
SPLK,Splunk Inc.,80.55,11276207549,n/a,2012,Technology,Computer Software: Prepackaged Software
INVE,"Identiv, Inc.",2.99,42592962.62,n/a,n/a,Technology,Computer peripheral equipment
IEC,IEC Electronics Corp.,4.19,43242555.61,n/a,n/a,Technology,Electrical Products
SYNC,"Synacor, Inc.",2.5,96715170,n/a,2012,Technology,"Computer Software: Programming, Data Processing"
ITW,Illinois Tool Works Inc.,166.49,57039305013,n/a,n/a,Technology,Industrial Machinery/Components
YY,YY Inc.,109.61,5154131183,47022454,2012,Technology,EDP Services
IMPV,"Imperva, Inc.",41.15,1399672438,n/a,n/a,Technology,Computer Software: Prepackaged Software
INFY,Infosys Limited,15.67,35993884494,n/a,n/a,Technology,EDP Services
VNET,"21Vianet Group, Inc.",6.02,359344834.7,59691833,2011,Technology,"Computer Software: Programming, Data Processing"
AL,Air Lease Corporation,43.86,4528110523,n/a,2011,Technology,Diversified Commercial Services
CARB,"Carbonite, Inc.",23.25,649773957.8,n/a,2011,Technology,EDP Services
CSOD,"Cornerstone OnDemand, Inc.",35.56,2058972042,n/a,2011,Technology,Computer Software: Prepackaged Software
ELLI,"Ellie Mae, Inc.",88.46,3055076763,n/a,2011,Technology,Computer Software: Prepackaged Software
NSP,"Insperity, Inc.",115.5,2407350446,n/a,n/a,Technology,Professional Services
GRPN,"Groupon, Inc.",5.72,3194065457,n/a,2011,Technology,Advertising
IMI,"Intermolecular, Inc.",1.25,61949626.25,n/a,2011,Technology,Semiconductors
INXN,InterXion Holding N.V.,56.83,4053513410,n/a,2011,Technology,"Computer Software: Programming, Data Processing"
INTC,Intel Corporation,43.08,2.01614E+11,n/a,n/a,Technology,Semiconductors
MX,MagnaChip Semiconductor Corporation,11.5,392590323.5,n/a,2011,Technology,Semiconductors
NPTN,NeoPhotonics Corporation,6.57,288720621,n/a,2011,Technology,Semiconductors
LINK,"Interlink Electronics, Inc.",5.75,42184806,n/a,n/a,Technology,Computer peripheral equipment
NQ,NQ Mobile Inc.,4.1,400643599.1,n/a,2011,Technology,Computer Software: Prepackaged Software
RENN,Renren Inc.,9.48,647825194.7,n/a,2011,Technology,EDP Services
IBM,International Business Machines Corporation,153.57,1.42174E+11,n/a,n/a,Technology,Computer Manufacturing
IIJI,"Internet Initiative Japan, Inc.",9.31,15519509.32,1666972,n/a,Technology,"Computer Software: Programming, Data Processing"
IPG,"Interpublic Group of Companies, Inc. (The)",20.19,7846007493,n/a,n/a,Technology,Advertising
SQNS,Sequans Communications S.A.,1.78,142119326,n/a,2011,Technology,Semiconductors
UBNT,"Ubiquiti Networks, Inc.",67.23,5233324181,n/a,2011,Technology,Radio And Television Broadcasting And Communications Equipment
YNDX,Yandex N.V.,33.02,10757116949,n/a,2011,Technology,"Computer Software: Programming, Data Processing"
ZNGA,Zynga Inc.,3.82,3325477496,n/a,2011,Technology,EDP Services
AOSL,Alpha and Omega Semiconductor Limited,17.49,417574642,n/a,2010,Technology,Semiconductors
BITA,Bitauto Holdings Limited,29.31,2102289793,n/a,2010,Technology,EDP Services
IXYS,IXYS Corporation,23.85,781543106.6,n/a,n/a,Technology,Semiconductors
BSFT,"BroadSoft, Inc.",54.675,1730430180,n/a,2010,Technology,Computer Software: Prepackaged Software
CCIH,ChinaCache International Holdings Ltd.,0.93,19486390.44,20953108,2010,Technology,EDP Services
DQ,DAQO New Energy Corp.,46.48,488924932.7,n/a,2010,Technology,Semiconductors
SFUN,Fang Holdings Limited,4.47,1979872582,n/a,2010,Technology,EDP Services
IPHI,Inphi Corporation,37.84,1609469570,n/a,2010,Technology,Semiconductors
JKS,JinkoSolar Holding Company Limited,24.48,796738760.6,n/a,2010,Technology,Semiconductors
KONE,Kingtone Wirelessinfo Solution Holding Ltd,3.84,2743200,714375,2010,Technology,EDP Services
JBT,John Bean Technologies Corporation,115.15,3635026413,n/a,n/a,Technology,Industrial Machinery/Components
MXL,"MaxLinear, Inc",24.97,1671962859,n/a,2010,Technology,Semiconductors
KAI,Kadant Inc,103.25,1136505893,n/a,n/a,Technology,Industrial Machinery/Components
KELYA,"Kelly Services, Inc.",28.86,1108970262,n/a,n/a,Technology,Professional Services
KELYB,"Kelly Services, Inc.",28,1075924024,n/a,n/a,Technology,Professional Services
NXPI,NXP Semiconductors N.V.,115.13,39032503983,n/a,2010,Technology,Semiconductors
RP,"RealPage, Inc.",44.85,3717143602,n/a,2010,Technology,Computer Software: Prepackaged Software
LEDS,SemiLEDS Corporation,3.88,13750390.2,n/a,2010,Technology,Semiconductors
KE,"Kimball Electronics, Inc.",20.75,556906428,n/a,n/a,Technology,Electrical Products
SGOC,"SGOCO Group, Ltd",1,11630072,n/a,2010,Technology,Radio And Television Broadcasting And Communications Equipment
SPSC,"SPS Commerce, Inc.",48.19,830039980.8,n/a,2010,Technology,Computer Software: Prepackaged Software
SSNC,"SS&C Technologies Holdings, Inc.",40.56,8349711736,n/a,2010,Technology,Computer Software: Prepackaged Software
KLIC,"Kulicke and Soffa Industries, Inc.",24.36,1719908397,n/a,n/a,Technology,Semiconductors
KEYW,The KEYW Holding Corporation,5.06,251964395.1,n/a,2010,Technology,EDP Services
KYO,Kyocera Corporation,67.53,24831423075,n/a,n/a,Technology,Semiconductors
LLL,"L3 Technologies, Inc.",193.62,15129883083,n/a,n/a,Technology,Radio And Television Broadcasting And Communications Equipment
AVGO,Broadcom Limited,263.89,1.07662E+11,n/a,2009,Technology,Semiconductors
CYOU,Changyou.com Limited,36.24,696357253.4,19215156,2009,Technology,Computer Software: Prepackaged Software
LSCC,Lattice Semiconductor Corporation,5.67,699483451,n/a,n/a,Technology,Semiconductors
LFGR,Leaf Group Ltd.,8.2,170894182.8,n/a,n/a,Technology,EDP Services
LDOS,"Leidos Holdings, Inc.",63.18,9558025823,n/a,n/a,Technology,EDP Services
LTRPA,"Liberty TripAdvisor Holdings, Inc.",9.3,698024566.5,n/a,n/a,Technology,EDP Services
LTRPB,"Liberty TripAdvisor Holdings, Inc.",11.595,870279016,n/a,n/a,Technology,EDP Services
FTNT,"Fortinet, Inc.",41.42,7202946740,n/a,2009,Technology,Computer peripheral equipment
LECO,"Lincoln Electric Holdings, Inc.",91.1,5990344452,n/a,n/a,Technology,Industrial Machinery/Components
LOGM,"LogMein, Inc.",115.25,6071554861,n/a,2009,Technology,Computer Software: Prepackaged Software
LIQT,"LiqTech International, Inc.",0.4799,21225623.79,n/a,n/a,Technology,Industrial Machinery/Components
MDSO,"Medidata Solutions, Inc.",65.47,3827438724,n/a,2009,Technology,Computer Software: Prepackaged Software
RST,Rosetta Stone,12.04,268483584,n/a,2009,Technology,Computer Software: Prepackaged Software
VRSK,"Verisk Analytics, Inc.",95.44,15718196081,n/a,2009,Technology,EDP Services
LORL,"Loral Space and Communications, Inc.",44.45,1374960782,n/a,n/a,Technology,Radio And Television Broadcasting And Communications Equipment
ERII,"Energy Recovery, Inc.",10.3,552028860.5,n/a,2008,Technology,Industrial Machinery/Components
SOL,Renesola Ltd.,3.06,62180941.14,n/a,2008,Technology,Semiconductors
AMCN,AirMedia Group Inc,2.01,90807275.49,45177749,2007,Technology,Advertising
CAVM,"Cavium, Inc.",84.99,5877544218,n/a,2007,Technology,Semiconductors
MNGA,MagneGas Corporation,0.3553,6647177.66,n/a,n/a,Technology,Industrial Machinery/Components
GLUU,Glu Mobile Inc.,4.3,589246965.4,n/a,2007,Technology,EDP Services
MAMS,"MAM Software Group, Inc.",7.56,95029071.48,n/a,n/a,Technology,Computer Software: Prepackaged Software
GSIT,"GSI Technology, Inc.",7.22,152221426,n/a,2007,Technology,Semiconductors
MNTX,"Manitex International, Inc.",8.37,138579403.2,n/a,n/a,Technology,Industrial Machinery/Components
MAN,ManpowerGroup,125.57,8321340066,n/a,n/a,Technology,Professional Services
JASO,"JA Solar Holdings, Co., Ltd.",7.37,296909308.7,40286202,2007,Technology,Semiconductors
MLNX,"Mellanox Technologies, Ltd.",61.4,3127029487,n/a,2007,Technology,Semiconductors
TYPE,Monotype Imaging Holdings Inc.,24.9,1039185564,n/a,2007,Technology,EDP Services
PRO,"PROS Holdings, Inc.",24.21,772468155.3,n/a,2007,Technology,EDP Services
MATR,Mattersight Corporation,2.65,86739667.5,n/a,n/a,Technology,EDP Services
MAXR,Maxar Technologies Ltd.,66.46,3731008707,n/a,n/a,Technology,Radio And Television Broadcasting And Communications Equipment
RBCN,"Rubicon Technology, Inc.",8.41,22981855.62,n/a,2007,Technology,Semiconductors
SMCI,"Super Micro Computer, Inc.",21.55,1049333978,n/a,2007,Technology,Computer Manufacturing
TGH,Textainer Group Holdings Limited,22.25,1264716255,n/a,2007,Technology,Diversified Commercial Services
MDCA,MDC Partners Inc.,11.15,556776309.3,n/a,n/a,Technology,Advertising
VRTU,Virtusa Corporation,44.67,1311752418,n/a,2007,Technology,EDP Services
MTBCP,"Medical Transcription Billing, Corp.",24.9,23139545.1,n/a,n/a,Technology,Computer Software: Prepackaged Software
VMW,"Vmware, Inc.",117.22,47335663180,n/a,2007,Technology,Computer Software: Prepackaged Software
YGE,Yingli Green Energy Holding Company Limited,1.79,32535714.83,n/a,2007,Technology,Semiconductors
AER,Aercap Holdings N.V.,52.3,8264230576,n/a,2006,Technology,Diversified Commercial Services
AYR,Aircastle Limited,23.81,1874036718,n/a,2006,Technology,Diversified Commercial Services
MU,"Micron Technology, Inc.",43.2,49820625677,n/a,n/a,Technology,Semiconductors
MSCC,Microsemi Corporation,51.83,6094902980,n/a,n/a,Technology,Semiconductors
ALLT,Allot Communications Ltd.,5.59,185109384.2,n/a,2006,Technology,Computer Communications Equipment
CSIQ,Canadian Solar Inc.,17.12,990095361.8,n/a,2006,Technology,Semiconductors
CVLT,"Commvault Systems, Inc.",53.75,2482463315,n/a,2006,Technology,Computer Software: Prepackaged Software
FSLR,"First Solar, Inc.",68.43,7146349369,n/a,2006,Technology,Semiconductors
MNDO,MIND C.T.I. Ltd.,2.61,50350600.98,n/a,n/a,Technology,EDP Services
HIMX,"Himax Technologies, Inc.",11.04,1192617009,108026903,2006,Technology,Semiconductors
IPGP,IPG Photonics Corporation,207.33,11182241129,n/a,2006,Technology,Semiconductors
MINDP,"Mitcham Industries, Inc.",23.27,0,n/a,n/a,Technology,Diversified Commercial Services
MITK,"Mitek Systems, Inc.",8.75,304277198.8,n/a,n/a,Technology,Computer peripheral equipment
MITL,Mitel Networks Corporation,7.16,859271521.2,n/a,n/a,Technology,Radio And Television Broadcasting And Communications Equipment
NLST,"Netlist, Inc.",0.2957,20823089.32,n/a,2006,Technology,Semiconductors
SNCR,"Synchronoss Technologies, Inc.",9.35,444263800.8,n/a,2006,Technology,EDP Services
BIDU,"Baidu, Inc.",233.01,64198929181,275520060,2005,Technology,"Computer Software: Programming, Data Processing"
SIMO,Silicon Motion Technology Corporation,53.28,1900234770,35665067,2005,Technology,Semiconductors
SPWR,SunPower Corporation,8.1,1130528964,n/a,2005,Technology,Semiconductors
JOBS,"51job, Inc.",58.57,2154987739,36793371,2004,Technology,Diversified Commercial Services
GOOG,Alphabet Inc.,1030.93,7.16292E+11,n/a,2004,Technology,"Computer Software: Programming, Data Processing"
BLKB,"Blackbaud, Inc.",96.38,4634875166,n/a,2004,Technology,Computer Software: Prepackaged Software
INTX,"Intersections, Inc.",2.12,51073125.64,n/a,2004,Technology,EDP Services
MPWR,"Monolithic Power Systems, Inc.",111.26,4619171740,n/a,2004,Technology,Semiconductors
MSI,"Motorola Solutions, Inc.",92.8,15033581626,n/a,n/a,Technology,Radio And Television Broadcasting And Communications Equipment
MOXC,"Moxian, Inc.",3.3,221123756.7,n/a,n/a,Technology,"Computer Software: Programming, Data Processing"
CRM,Salesforce.com Inc,104.07,75169761000,n/a,2004,Technology,Computer Software: Prepackaged Software
MYSZ,"My Size, Inc.",0.8,14715853.6,n/a,n/a,Technology,Computer Software: Prepackaged Software
NNDM,Nano Dimension Ltd.,3.35,8181038.35,2442101,n/a,Technology,Electrical Products
SMI,Semiconductor  Manufacturing International Corporation,6.61,6172665095,n/a,2004,Technology,Semiconductors
UCTT,"Ultra Clean Holdings, Inc.",21.16,711554577.9,n/a,2004,Technology,Semiconductors
CALD,"Callidus Software, Inc.",27.55,1876565495,n/a,2003,Technology,EDP Services
NETE,"Net Element, Inc.",3.82,9376025.74,n/a,n/a,Technology,EDP Services
FORM,"FormFactor, Inc.",15.6,1138555813,n/a,2003,Technology,Semiconductors
IPAS,iPass Inc.,0.5927,39558056.3,n/a,2003,Technology,EDP Services
SNX,Synnex Corporation,130.72,5224245454,n/a,2003,Technology,Retail: Computer Software & Peripheral Equipment
NTWK,NetSol Technologies Inc.,4.35,49299111.15,n/a,n/a,Technology,Computer Software: Prepackaged Software
AUO,AU Optronics Corp,4.13,3974813230,n/a,2002,Technology,Semiconductors
NICE,NICE Ltd,88,3545797024,40293148,n/a,Technology,Computer Manufacturing
CPSI,"Computer Programs and Systems, Inc.",29.55,406495385,n/a,2002,Technology,EDP Services
STX,Seagate Technology PLC,39.58,11451229396,n/a,2002,Technology,Electronic Components
DCM,"NTT DOCOMO, Inc",25.53,94578068657,n/a,n/a,Technology,Radio And Television Broadcasting And Communications Equipment
NUAN,"Nuance Communications, Inc.",15.51,4502216898,n/a,n/a,Technology,Computer Software: Prepackaged Software
SYNA,Synaptics Incorporated,36.23,1232959361,n/a,2002,Technology,Semiconductors
NVEC,NVE Corporation,82.78,400738807.8,n/a,n/a,Technology,Semiconductors
VRNT,Verint Systems Inc.,40.1,2555763114,n/a,2002,Technology,EDP Services
CCRN,"Cross Country Healthcare, Inc.",14.21,518393745.3,n/a,2001,Technology,Professional Services
OIIM,O2Micro International Limited,1.68,56067466.56,33373492,n/a,Technology,Semiconductors
OCLR,"Oclaro, Inc.",6.99,1179785831,n/a,n/a,Technology,Semiconductors
MOSY,"MoSys, Inc.",1.13,9116427.55,n/a,2001,Technology,Semiconductors
OMCL,"Omnicell, Inc.",50.95,1932811789,n/a,2001,Technology,Computer Manufacturing
OMC,Omnicom Group Inc.,73.09,16849632192,n/a,n/a,Technology,Advertising
PDFS,"PDF Solutions, Inc.",16.29,520426110.8,n/a,2001,Technology,EDP Services
ON,ON Semiconductor Corporation,19.5,8271163875,n/a,n/a,Technology,Semiconductors
OTIV,On Track Innovations Ltd,1.07,44013784.46,n/a,n/a,Technology,Semiconductors
ACLS,"Axcelis Technologies, Inc.",30.6,961242940.8,n/a,2000,Technology,Industrial Machinery/Components
CCMP,Cabot Microelectronics Corporation,93.22,2363771710,n/a,2000,Technology,Semiconductors
HSTM,"HealthStream, Inc.",22.99,733296327.8,n/a,2000,Technology,"Computer Software: Programming, Data Processing"
ISSC,"Innovative Solutions and Support, Inc.",2.98,50013724.42,n/a,2000,Technology,EDP Services
PFIN,"P & F Industries, Inc.",7.5199,27100757.05,n/a,n/a,Technology,Industrial Machinery/Components
LTRX,"Lantronix, Inc.",2,35947190,n/a,2000,Technology,Computer Communications Equipment
TEUM,Pareteum Corporation,0.7801,27907000.96,n/a,n/a,Technology,EDP Services
PCYG,"Park City Group, Inc.",10.7,208078994.5,n/a,n/a,Technology,EDP Services
PKE,Park Electrochemical Corporation,19.12,386939967.5,n/a,n/a,Technology,Electrical Products
LPSN,"LivePerson, Inc.",11.1,660722149.8,n/a,2000,Technology,Computer Software: Prepackaged Software
MRVL,Marvell Technology Group Ltd.,22,10805107918,n/a,2000,Technology,Semiconductors
PXLW,"Pixelworks, Inc.",5.39,184617741,n/a,2000,Technology,Semiconductors
QBAK,Qualstar Corporation,6.92,14130771.48,n/a,2000,Technology,Electronic Components
SLAB,"Silicon Laboratories, Inc.",90.2,3839375177,n/a,2000,Technology,Semiconductors
SMTX,SMTC Corporation,1.59,26752063.23,n/a,2000,Technology,Electrical Products
PNR,Pentair plc.,69.42,12606490883,n/a,n/a,Technology,Industrial Machinery/Components
SPRT,"support.com, Inc.",2.5,46783950,n/a,2000,Technology,EDP Services
PERI,Perion Network Ltd,0.985,76386817.97,n/a,n/a,Technology,EDP Services
TTMI,"TTM Technologies, Inc.",15.68,1596465127,n/a,2000,Technology,Electrical Products
,,,,,,,
PLXS,Plexus Corp.,60.88,2044658209,n/a,n/a,Technology,Electrical Products
PNTR,Pointer Telocation Ltd.,16.85,135369428.9,n/a,n/a,Technology,Radio And Television Broadcasting And Communications Equipment
COOL,"PolarityTE, Inc.",29.35,187517854.4,n/a,n/a,Technology,Computer Software: Prepackaged Software
,,,,,,,
,,,,,,,
,,,,,,,
,,,,,,,
,,,,,,,
,,,,,,,
PTC,PTC Inc.,62.31,7235766010,n/a,n/a,Technology,Computer Software: Prepackaged Software
,,,,,,,
,,,,,,,
QADA,QAD Inc.,37.85,727349180.6,n/a,n/a,Technology,Computer Software: Prepackaged Software
QADB,QAD Inc.,28.35,544791262.1,n/a,n/a,Technology,Computer Software: Prepackaged Software
QRVO,"Qorvo, Inc.",68.72,8737617020,n/a,n/a,Technology,Semiconductors
,,,,,,,
,,,,,,,
,,,,,,,
,,,,,,,
,,,,,,,
QTM,Quantum Corporation,5.29,183424846.4,n/a,n/a,Technology,Electronic Components
QRHC,Quest Resource Holding Corporation.,1.95,29798581.8,n/a,n/a,Technology,Diversified Commercial Services
,,,,,,,
QUMU,Qumu Corporation,2.34,21973185,n/a,n/a,Technology,Computer Software: Prepackaged Software
,,,,,,,
,,,,,,,
,,,,,,,
,,,,,,,
RCMT,"RCM Technologies, Inc.",6.84,82160021.16,n/a,n/a,Technology,Professional Services
,,,,,,,
,,,,,,,
RHT,"Red Hat, Inc.",123.8,21906061255,n/a,n/a,Technology,"Computer Software: Programming, Data Processing"
RWC,RELM Wireless Corporation,3.6,49840502.4,n/a,n/a,Technology,Radio And Television Broadcasting And Communications Equipment
,,,,,,,
,,,,,,,
,,,,,,,
,,,,,,,
,,,,,,,
RBBN,Ribbon Communications Inc. ,7.73,792911258.7,n/a,n/a,Technology,EDP Services
,,,,,,,
RHI,Robert Half International Inc.,53.53,6709974526,n/a,n/a,Technology,Professional Services
,,,,,,,
,,,,,,,
RMBL,"RumbleOn, Inc.",5.48,70848404.68,n/a,n/a,Technology,EDP Services
,,,,,,,
,,,,,,,
,,,,,,,
,,,,,,,
SAP,SAP SE,112.42,1.34749E+11,n/a,n/a,Technology,Computer Software: Prepackaged Software
,,,,,,,
SCSC,"ScanSource, Inc.",35.05,893456851.2,n/a,n/a,Technology,Retail: Computer Software & Peripheral Equipment
SAIC,SCIENCE APPLICATIONS INTERNATIONAL CORPORATION,75.43,3261634083,n/a,n/a,Technology,EDP Services
SGMS,Scientific Games Corp,53.5,4795814633,n/a,n/a,Technology,EDP Services
,,,,,,,
,,,,,,,
,,,,,,,
,,,,,,,
,,,,,,,
SMTC,Semtech Corporation,33.55,2226324924,n/a,n/a,Technology,Semiconductors
,,,,,,,
,,,,,,,
,,,,,,,
,,,,,,,
SHSP,"SharpSpring, Inc.",4.2,35428831.2,n/a,n/a,Technology,Computer Software: Prepackaged Software
,,,,,,,
,,,,,,,
,,,,,,,
,,,,,,,
SWIR,"Sierra Wireless, Inc.",21.6,695944483.2,n/a,n/a,Technology,Radio And Television Broadcasting And Communications Equipment
SIFY,Sify Technologies Limited,1.56,39151749,25097275,n/a,Technology,"Computer Software: Programming, Data Processing"
,,,,,,,
,,,,,,,
SILC,Silicom Ltd,69.35,516347228.1,n/a,n/a,Technology,Computer Communications Equipment
,,,,,,,
,,,,,,,
SPIL,"Siliconware Precision Industries Company, Ltd.",8.26,295957171.2,35830166,n/a,Technology,Semiconductors
,,,,,,,
SLP,"Simulations Plus, Inc.",15.95,275692432.4,n/a,n/a,Technology,EDP Services
SINA,Sina Corporation,96.05,6868983093,n/a,n/a,Technology,Computer Software: Prepackaged Software
SWKS,"Skyworks Solutions, Inc.",96.68,17710769561,n/a,n/a,Technology,Semiconductors
,,,,,,,
,,,,,,,
,,,,,,,
,,,,,,,
SRAX,"Social Reality, Inc.",5.24,45459237.48,n/a,n/a,Technology,Advertising
SCKT,"Socket Mobile, Inc.",3.4,23837835.2,n/a,n/a,Technology,Computer Manufacturing
,,,,,,,
SOHU,Sohu.com Inc.,44.46,1728666244,n/a,n/a,Technology,EDP Services
,,,,,,,
SOFO,"Sonic Foundry, Inc.",2.7314,12176786.06,n/a,n/a,Technology,Radio And Television Broadcasting And Communications Equipment
SPA,Sparton Corporation,23.1,227182101.3,n/a,n/a,Technology,Electrical Products
ANY,Sphere 3D Corp.,2.42,16209815.82,n/a,n/a,Technology,EDP Services
SPI,"SPI Energy Co., Ltd.",0.5329,38638829.49,n/a,n/a,Technology,Semiconductors
,,,,,,,
,,,,,,,
SPXC,SPX Corporation,31.34,1335374083,n/a,n/a,Technology,Industrial Machinery/Components
,,,,,,,
,,,,,,,
,,,,,,,
,,,,,,,
SXI,Standex International Corporation,102.4,1309499187,n/a,n/a,Technology,Industrial Machinery/Components
,,,,,,,
STM,STMicroelectronics N.V.,21.32,18821498881,n/a,n/a,Technology,Semiconductors
,,,,,,,
STRM,"Streamline Health Solutions, Inc.",1.2701,25387673.27,n/a,n/a,Technology,EDP Services
,,,,,,,
,,,,,,,
SPCB,"SuperCom, Ltd.",3.76,56168154.64,n/a,n/a,Technology,Semiconductors
,,,,,,,
,,,,,,,
,,,,,,,
,,,,,,,
,,,,,,,
,,,,,,,
,,,,,,,
,,,,,,,
,,,,,,,
,,,,,,,
,,,,,,,
,,,,,,,
,,,,,,,
,,,,,,,
,,,,,,,
,,,,,,,
TCCO,Technical Communications Corporation,5.4,9935335.8,n/a,n/a,Technology,Radio And Television Broadcasting And Communications Equipment
,,,,,,,
,,,,,,,
TNC,Tennant Company,64.65,1154102126,n/a,n/a,Technology,Industrial Machinery/Components
TDC,Teradata Corporation,37.53,4541130000,n/a,n/a,Technology,Computer Manufacturing
TXN,Texas Instruments Incorporated,97.78,96368114588,n/a,n/a,Technology,Semiconductors
,,,,,,,
DSGX,The Descartes Systems Group Inc.,26.85,2061368394,n/a,n/a,Technology,Computer Software: Prepackaged Software
,,,,,,,
MIDD,The Middleby Corporation,125.36,7009238135,n/a,n/a,Technology,Industrial Machinery/Components
,,,,,,,
TSG,The Stars Group Inc.,23.85,3517432940,n/a,n/a,Technology,"Computer Software: Programming, Data Processing"
,,,,,,,
,,,,,,,
,,,,,,,
,,,,,,,
,,,,,,,
,,,,,,,
TZOO,Travelzoo,6.2,77261628.6,n/a,n/a,Technology,EDP Services
TRT,Trio-Tech International,7.2,25437996,n/a,n/a,Technology,Industrial Machinery/Components
TRIP,"TripAdvisor, Inc.",34.45,4784394607,n/a,n/a,Technology,"Computer Software: Programming, Data Processing"
,,,,,,,
,,,,,,,
TBI,"TrueBlue, Inc.",27.35,1131237216,n/a,n/a,Technology,Professional Services
,,,,,,,
TSRI,"TSR, Inc.",5.85,11478062.7,n/a,n/a,Technology,EDP Services
,,,,,,,
TCX,Tucows Inc.,61.8,653709214.2,n/a,n/a,Technology,EDP Services
,,,,,,,
TWIN,"Twin Disc, Incorporated",26.69,309390773.6,n/a,n/a,Technology,Industrial Machinery/Components
,,,,,,,
TYL,"Tyler Technologies, Inc.",184.11,6916670071,n/a,n/a,Technology,Computer Software: Prepackaged Software
,,,,,,,
,,,,,,,
UIS,Unisys Corporation,7.85,396215412.9,n/a,n/a,Technology,EDP Services
UMC,United Microelectronics Corporation,2.46,6014208000,n/a,n/a,Technology,Semiconductors
,,,,,,,
,,,,,,,
,,,,,,,
VDSI,"VASCO Data Security International, Inc.",13.5,542295634.5,n/a,n/a,Technology,EDP Services
,,,,,,,
,,,,,,,
,,,,,,,
,,,,,,,
,,,,,,,
,,,,,,,
,,,,,,,
VIAV,Viavi Solutions Inc.,8.81,2003583177,n/a,n/a,Technology,Semiconductors
,,,,,,,
,,,,,,,
VISI,"Volt Information Sciences, Inc.",3.8,79837813.8,n/a,n/a,Technology,Professional Services
VUZI,Vuzix Corporation,6.55,145435617.1,n/a,n/a,Technology,Radio And Television Broadcasting And Communications Equipment
WSTG,"Wayside Technology Group, Inc.",15.55,69692985.2,n/a,n/a,Technology,Retail: Computer Software & Peripheral Equipment
WEB,"Web.com Group, Inc.",21.9,1067428645,n/a,n/a,Technology,Computer Software: Prepackaged Software
,,,,,,,
,,,,,,,
WDC,Western Digital Corporation,78.35,23174881520,n/a,n/a,Technology,Electronic Components
WYY,WidePoint Corporation,0.6506,54020357.01,n/a,n/a,Technology,EDP Services
WIT,Wipro Limited,5.17,25031711974,n/a,n/a,Technology,EDP Services
,,,,,,,
WDAY,"Workday, Inc.",104.2,21882000000,n/a,n/a,Technology,EDP Services
,,,,,,,
WPP,WPP plc,89.04,22618076319,n/a,n/a,Technology,Advertising
WSCI,WSI Industries Inc.,4.25,12579745,n/a,n/a,Technology,Industrial Machinery/Components
XRX,Xerox Corporation,29.59,7533202965,n/a,n/a,Technology,Computer peripheral equipment
,,,,,,,
XPER,Xperi Corporation,20.4,1006012373,n/a,n/a,Technology,Semiconductors
XPLR,Xplore Technologies Corp,2.64,29095189.2,n/a,n/a,Technology,Computer Manufacturing
,,,,,,,
,,,,,,,
,,,,,,,
,,,,,,,
,,,,,,,
,,,,,,,
,,,,,,,
,,,,,,,
,,,,,,,
ZIXI,Zix Corporation,4.26,237494079.8,n/a,n/a,Technology,EDP Services